{
    "model": "Logistic Regression",
    "params": {
        "model__C": 7.114476009343421
    },
    "metrics": {
        "Accuracy": 0.8324022346368715,
        "F1 Score": 0.8311891835182417,
        "Precision": 0.8319226225897274,
        "Recall": 0.8324022346368715
    },
    "features": [
        "Pclass",
        "Name",
        "Sex",
        "Age",
        "SibSp",
        "Parch",
        "Ticket",
        "Embarked"
    ],
    "dataset_id": "2e0e4b0aeeb40b47ee0915eba73534bc",
    "version": 4
}