{
    "model": "Logistic Regression",
    "params": {
        "model__C": 0.04437694207755387,
        "feature_selection__k": 5
    },
    "metrics": {
        "Accuracy": 0.7821229050279329,
        "F1 Score": 0.7808473194987422,
        "Precision": 0.7808274633632905,
        "Recall": 0.7821229050279329
    },
    "features": [
        "Pclass",
        "Name",
        "Sex",
        "Age",
        "SibSp",
        "Parch",
        "Ticket",
        "Embarked"
    ],
    "dataset_id": "2e0e4b0aeeb40b47ee0915eba73534bc",
    "version": 1
}