{
    "model": "XGBoost",
    "params": {
        "model__n_estimators": 92,
        "model__max_depth": 3,
        "model__learning_rate": 0.015957084694148364
    },
    "metrics": {
        "Accuracy": 0.7988826815642458,
        "F1 Score": 0.7938129502869702,
        "Precision": 0.8026781890462037,
        "Recall": 0.7988826815642458
    },
    "features": [
        "PassengerId",
        "Pclass",
        "Name",
        "Sex",
        "Age",
        "SibSp",
        "Parch",
        "Ticket",
        "Fare",
        "Cabin",
        "Embarked"
    ],
    "dataset_id": "2e0e4b0aeeb40b47ee0915eba73534bc",
    "version": 2
}