{
    "model": "SVM",
    "params": {
        "feature_selection__k": 6
    },
    "metrics": {
        "Accuracy": 0.7932960893854749,
        "F1 Score": 0.7876240178563544,
        "Precision": 0.7976527315174097,
        "Recall": 0.7932960893854749
    },
    "features": [
        "Pclass",
        "Sex",
        "Age",
        "SibSp",
        "Parch",
        "Ticket",
        "Fare",
        "Embarked"
    ],
    "dataset_id": "2e0e4b0aeeb40b47ee0915eba73534bc",
    "train_sample": {
        "Pclass": [
            1,
            2,
            3,
            2,
            3,
            2,
            1,
            1,
            3,
            3,
            2,
            3,
            1,
            2,
            1,
            3,
            3,
            3,
            3,
            1,
            2,
            1,
            1,
            3,
            1,
            2,
            3,
            2,
            1,
            3,
            2,
            3,
            3,
            3,
            3,
            2,
            1,
            3,
            2,
            1,
            2,
            3,
            2,
            2,
            2,
            3,
            3,
            3,
            3,
            2,
            3,
            3,
            3,
            3,
            3,
            2,
            3,
            3,
            3,
            3,
            2,
            3,
            2,
            2,
            2,
            3,
            3,
            2,
            3,
            3,
            3,
            1,
            3,
            3,
            2,
            1,
            1,
            1,
            2,
            2,
            2,
            1,
            3,
            1,
            3,
            2,
            3,
            3,
            3,
            3,
            3,
            3,
            2,
            3,
            3,
            2,
            3,
            1,
            2,
            3
        ],
        "Sex": [
            "male",
            "male",
            "female",
            "female",
            "male",
            "male",
            "female",
            "female",
            "male",
            "male",
            "female",
            "female",
            "male",
            "female",
            "female",
            "male",
            "male",
            "male",
            "male",
            "male",
            "female",
            "male",
            "male",
            "female",
            "female",
            "male",
            "male",
            "female",
            "female",
            "male",
            "female",
            "female",
            "male",
            "male",
            "male",
            "male",
            "male",
            "male",
            "male",
            "female",
            "female",
            "male",
            "female",
            "male",
            "female",
            "female",
            "male",
            "male",
            "female",
            "male",
            "male",
            "male",
            "male",
            "male",
            "female",
            "female",
            "male",
            "male",
            "male",
            "male",
            "female",
            "male",
            "male",
            "female",
            "male",
            "male",
            "male",
            "female",
            "female",
            "male",
            "male",
            "female",
            "male",
            "male",
            "male",
            "male",
            "female",
            "male",
            "female",
            "male",
            "female",
            "male",
            "male",
            "female",
            "male",
            "male",
            "male",
            "male",
            "male",
            "male",
            "male",
            "male",
            "male",
            "female",
            "male",
            "female",
            "female",
            "male",
            "male",
            "male"
        ],
        "Age": [
            22.0,
            28.0,
            NaN,
            8.0,
            NaN,
            34.0,
            NaN,
            35.0,
            27.0,
            30.0,
            24.0,
            22.0,
            65.0,
            24.0,
            35.0,
            33.0,
            NaN,
            34.0,
            NaN,
            54.0,
            22.0,
            36.0,
            42.0,
            NaN,
            22.0,
            34.0,
            34.5,
            50.0,
            31.0,
            NaN,
            25.0,
            NaN,
            70.5,
            14.0,
            59.0,
            25.0,
            NaN,
            NaN,
            54.0,
            36.0,
            48.0,
            25.0,
            5.0,
            36.5,
            27.0,
            24.0,
            51.0,
            9.0,
            NaN,
            25.0,
            28.0,
            21.0,
            22.0,
            25.0,
            NaN,
            42.0,
            24.0,
            47.0,
            NaN,
            44.0,
            50.0,
            21.0,
            52.0,
            17.0,
            NaN,
            36.0,
            17.0,
            21.0,
            14.5,
            25.0,
            4.0,
            58.0,
            1.0,
            NaN,
            50.0,
            47.0,
            51.0,
            27.0,
            3.0,
            42.0,
            18.0,
            45.0,
            30.0,
            23.0,
            NaN,
            54.0,
            NaN,
            25.0,
            27.0,
            32.0,
            40.5,
            26.0,
            3.0,
            21.0,
            18.0,
            28.0,
            10.0,
            27.0,
            16.0,
            NaN
        ],
        "SibSp": [
            0,
            0,
            0,
            0,
            0,
            0,
            0,
            1,
            0,
            1,
            1,
            0,
            0,
            2,
            0,
            0,
            0,
            0,
            0,
            0,
            1,
            0,
            1,
            0,
            0,
            0,
            0,
            0,
            0,
            0,
            0,
            0,
            0,
            4,
            0,
            1,
            0,
            0,
            0,
            1,
            1,
            0,
            1,
            0,
            0,
            0,
            0,
            1,
            0,
            0,
            0,
            0,
            0,
            0,
            1,
            0,
            0,
            0,
            1,
            0,
            0,
            0,
            0,
            0,
            0,
            0,
            0,
            0,
            1,
            1,
            4,
            0,
            5,
            0,
            0,
            0,
            1,
            0,
            1,
            0,
            0,
            0,
            0,
            1,
            0,
            1,
            0,
            0,
            0,
            0,
            0,
            2,
            1,
            0,
            0,
            0,
            0,
            0,
            0,
            0
        ],